[
  {
    "rating": 5,
    "text": "An outstanding resource for travel enthusiasts! The website's destination reviews and travel advice were spot-on. I now trust their recommendations for all my trips..",
    "name": "Hendra Paru Paru",
    "profi": "Travel Enthusiast"
  },

  {
    "rating": 5,
    "text": "An outstanding resource",
    "name": "Akbar Cenglu",
    "profi": "Travel Enthusiast",
    "img": "02.jpg"
  },

  {
    "rating": 4,
    "text": "An outstanding resource",
    "name": "Jake Paul",
    "profi": "Travel Enthusiast"
  }
]
